Priority Tier,Contact Quality,Business Name,Category,Phone Number,Status,AI Receptionist,Appointment Scheduled?,Call Attempts,Notes,Last Contacted
Tier 1 - High Priority,Phone Only,A/C Engineers,HVAC,(904) 213-9300,Haven't Called,,,,,3/17/2026
Tier 1 - High Priority,Complete,A/C Masters Enterprises,HVAC,(904) 672-8833,Haven't Called,,,,,3/27/2026
Tier 1 - High Priority,Complete,AC Designs Heating & Air Conditioning,HVAC,(904) 829-8898,Haven't Called,,,,,3/27/2026
Tier 1 - High Priority,Complete,AC Panda Mechanical Contractors,HVAC,(904) 370-3918,Haven't Called,,,,,3/27/2026
Tier 1 - High Priority,Phone Only,Air Element Ac and Heating,HVAC,(904) 400-0000,Haven't Called,,,,,3/27/2026
Tier 1 - High Priority,Complete,Air to Air Inc.,HVAC,904-262-4279,Haven't Called,,,,,3/27/2026
Tier 1 - High Priority,Complete,Air-Masters,HVAC,(904) 887-9444,Haven't Called,,,,,3/27/2026
Tier 1 - High Priority,Complete,"All Repair Heat and Air, LLC",HVAC,904-900-4520,Haven't Called,,,,,3/27/2026
Tier 1 - High Priority,Complete,All-Seasons Heating & Air,HVAC,904-398-5720,Haven't Called,,,,,3/27/2026
Tier 1 - High Priority,Phone Only,Arctic Care,HVAC,(904) 473-1345,Haven't Called,,,,,3/27/2026
Tier 1 - High Priority,Phone Only,B&G Refrigeration,HVAC,(904) 620-0081,Haven't Called,,,,,3/27/2026
Tier 1 - High Priority,Complete,Bold City Heating & Air,HVAC,(904) 379-1648,Haven't Called,,,,,3/27/2026
Tier 1 - High Priority,Complete,Bold City Heating and Air,HVAC,(904) 513-3158,Haven't Called,,,,,3/27/2026
Tier 1 - High Priority,Complete,Buehler Air & Plumbing,HVAC,(904) 233-8831,Haven't Called,,,,,3/27/2026
Tier 1 - High Priority,Complete,Buehler Air Conditioning & Plumbing,HVAC,(904) 233-8831,Haven't Called,,,,,3/27/2026
Tier 1 - High Priority,Complete,Charlie's Tropic Heating & Air,HVAC,(904) 246-8800,Haven't Called,,,,,3/27/2026
Tier 1 - High Priority,Complete,"Chills On Wheels Heating & Air Contractors, Inc.",HVAC,904-820-3500,Haven't Called,,,,,3/27/2026
Tier 1 - High Priority,Complete,Comfort Zone of North Florida,HVAC,(904) 406-0070,Haven't Called,,,,,3/27/2026
Tier 1 - High Priority,Complete,Cool Cats Heating and Cooling,HVAC,(904) 379-8706,Haven't Called,,,,,3/27/2026
Tier 1 - High Priority,Complete,"Cool R Us, Inc A/C & Heating",HVAC,(904) 592-0651,Haven't Called,,,,,3/27/2026
Tier 1 - High Priority,Complete,"David Gray - Electrical, Plumbing, Heating & Air",HVAC,904-605-8190,Haven't Called,,,,,3/27/2026
Tier 1 - High Priority,Complete,Del-Air,HVAC,(904) 337-6219,Haven't Called,,,,,3/27/2026
Tier 1 - High Priority,Complete,"Del-Air Plumbing, Air Conditioning, Electric",HVAC,904-337-6219,Haven't Called,,,,,3/27/2026
Tier 1 - High Priority,Complete,"Donovan Air, Electric & Plumbing",HVAC,(904) 241-3785,Haven't Called,,,,,3/27/2026
Tier 1 - High Priority,Complete,Donovan Heat & Air,HVAC,(904) 241-3785,Haven't Called,,,,,3/27/2026
Tier 1 - High Priority,Complete,"Duck Duck Rooter Plumbing, AC & Septic Services",HVAC,(904) 206-8512,Haven't Called,,,,,3/27/2026
Tier 1 - High Priority,Complete,"Elite AC, LLC",HVAC,904-323-4648,Haven't Called,,,,,3/27/2026
Tier 1 - High Priority,Phone Only,"Evans Air Conditioning, Inc.",HVAC,(904) 779-1112,Haven't Called,,,,,3/27/2026
Tier 1 - High Priority,Complete,Florida Air Flow Heating & Air,HVAC,(904) 982-9731,Haven't Called,,,,,3/27/2026
Tier 1 - High Priority,Complete,Florida Home Air Conditioning,HVAC,(904) 990-8633,Haven't Called,,,,,3/27/2026
Tier 1 - High Priority,Complete,Floridian Heating & Air Inc,HVAC,904-993-0300,Haven't Called,,,,,3/27/2026
Tier 1 - High Priority,Complete,Guardian HVAC LLC (Guardian Heating and Air),HVAC,(904) 776-4225,Haven't Called,,,,,3/27/2026
Tier 1 - High Priority,Complete,HL Marco HVAC LLC,HVAC,(904) 373-8662,Haven't Called,,,,,3/27/2026
Tier 1 - High Priority,Complete,"Hammond Air Conditioning, Inc.",HVAC,904-398-6488,Haven't Called,,,,,3/27/2026
Tier 1 - High Priority,Complete,Hammond Heating & Air,HVAC,(904) 893-0131,Haven't Called,,,,,3/27/2026
Tier 1 - High Priority,Complete,Hammond Heating & Air Conditioning,HVAC,(904) 893-3341,Haven't Called,,,,,3/27/2026
Tier 1 - High Priority,Complete,Howard Services Air Conditioning,HVAC,(904) 398-1414,Haven't Called,,,,,3/27/2026
Tier 1 - High Priority,Complete,Huggins Heating & Air,HVAC,904-832-6610,Haven't Called,,,,,3/27/2026
Tier 1 - High Priority,Complete,Ideal Conditions Heating & Air Conditioning,HVAC,(904) 379-8762,Haven't Called,,,,,3/27/2026
Tier 1 - High Priority,Complete,J&W Heating and Air + Plumbing,HVAC,(904) 980-0809,Haven't Called,,,,,3/27/2026
Tier 1 - High Priority,Complete,Jack Strickland Heating & Air Conditioning Company,HVAC,904-388-3507,Haven't Called,,,,,3/27/2026
Tier 1 - High Priority,Complete,Jax All Pro Maintenance,HVAC,904-483-8542,Haven't Called,,,,,3/27/2026
Tier 1 - High Priority,Phone Only,Lickety Split,HVAC,(904) 410-2400,Haven't Called,,,,,3/27/2026
Tier 1 - High Priority,Complete,McGowan's Heating & Air Conditioning,HVAC,(904) 278-0339,Haven't Called,,,,,3/27/2026
Tier 1 - High Priority,Complete,Measday's Heating & Air,HVAC,(904) 891-3208,Haven't Called,,,,,3/27/2026
Tier 1 - High Priority,Phone Only,Mechanical One,HVAC,(904) 500-0000,Haven't Called,,,,,3/27/2026
Tier 1 - High Priority,Complete,"Mighty Air, Inc.",HVAC,904-601-1412,Haven't Called,,,,,3/27/2026
Tier 1 - High Priority,Complete,Noble Heating & Air,HVAC,904-413-8020,Haven't Called,,,,,3/27/2026
Tier 1 - High Priority,Phone Only,NorthPort Heating and Air Conditioning,HVAC,(904) 438-2342,Haven't Called,,,,,3/27/2026
Tier 1 - High Priority,Complete,Northeast Florida Heating & Air,HVAC,(904) 783-7003,Haven't Called,,,,,3/27/2026
Tier 1 - High Priority,Complete,Ocean State Air Conditioning & Heating,HVAC,(904) 574-5619,Haven't Called,,,,,3/27/2026
Tier 1 - High Priority,Complete,Reel Cool AC and Heating,HVAC,(386) 240-4604,Haven't Called,,,,,3/27/2026
Tier 1 - High Priority,Phone Only,Sandalwood AC & Heating,HVAC,(904) 850-5898,Haven't Called,,,,,3/27/2026
Tier 1 - High Priority,Complete,"Snyder Air Conditioning, Plumbing & Electric",HVAC,(904) 641-0600,Haven't Called,,,,,3/27/2026
Tier 1 - High Priority,Complete,Supreme Air Services,HVAC,904-947-4328,Haven't Called,,,,,3/27/2026
Tier 1 - High Priority,Complete,"Thigpen Heating and Cooling, Inc",HVAC,(904) 448-1962,Haven't Called,,,,,3/27/2026
Tier 1 - High Priority,Complete,Von's Heating and Air,HVAC,(904) 621-2953,Haven't Called,,,,,3/27/2026
Tier 1 - High Priority,Complete,Waychoff’s Air Conditioning,HVAC,(904) 674-6814,Haven't Called,,,,,3/27/2026
Tier 1 - High Priority,Complete,Weather Engineers,HVAC,(904) 356-3963,Haven't Called,,,,,3/27/2026
Tier 1 - High Priority,Complete,Willman Air,HVAC,(904) 568-7371,Haven't Called,,,,,3/27/2026
Tier 1 - High Priority,Complete,World's Greatest Heating and Air,HVAC,(855) 254-3622,Haven't Called,,,,,3/27/2026
Tier 1 - High Priority,Complete,Dale Carson Law,Law Firm - Criminal Defense,(904) 355-6777,Haven't Called,,,,,3/27/2026
Tier 1 - High Priority,Complete,Epstein & Robbins,Law Firm - Criminal Defense,(904) 354-5645,Haven't Called,,,,,3/27/2026
Tier 1 - High Priority,Complete,First Coast Criminal Defense,Law Firm - Criminal Defense,(904) 822-4819,Haven't Called,,,,,3/27/2026
Tier 1 - High Priority,Complete,"Janet E. Johnson, P.A.",Law Firm - Criminal Defense,(904) 820-3455,Haven't Called,,,,,3/27/2026
Tier 1 - High Priority,Complete,"Monroe Law, P.A.",Law Firm - Criminal Defense,(904) 507-6194,Haven't Called,,,,,3/27/2026
Tier 1 - High Priority,Complete,"Rainka Law, LLC",Law Firm - Criminal Defense,(904) 906-2154,Haven't Called,,,,,3/27/2026
Tier 1 - High Priority,Complete,"The Law Offices of Kate Mesic, P.A.",Law Firm - Criminal Defense,(904) 615-8950,Haven't Called,,,,,3/27/2026
Tier 1 - High Priority,Complete,"The Mussallem Law Firm, P.A.",Law Firm - Criminal Defense,(904) 365-5200,Haven't Called,,,,,3/27/2026
Tier 1 - High Priority,Phone Only,Duncan Trial & Mediation,Law Firm - Family Law,(904) 655-2475,Haven't Called,,,,,3/27/2026
Tier 1 - High Priority,Complete,"Elizabeth R. Ondriezek, P.A.",Law Firm - Family Law,(904) 396-3900,Haven't Called,,,,,3/27/2026
Tier 1 - High Priority,Complete,"Law Offices of Jason K.S. Porter, P.A.",Law Firm - Family Law,(904) 750-3422,Haven't Called,,,,,3/27/2026
Tier 1 - High Priority,Complete,"Law Offices of Sacks & Sacks, P.A.",Law Firm - Family Law,(904) 396-5557,Haven't Called,,,,,3/27/2026
Tier 1 - High Priority,Complete,McGrath Gibson Law,Law Firm - Family Law,(904) 358-3300,Haven't Called,,,,,3/27/2026
Tier 1 - High Priority,Complete,"Owenby Law, P.A.",Law Firm - Family Law,(904) 770-3141,Haven't Called,,,,,3/27/2026
Tier 1 - High Priority,Complete,"Phillips, Hunt & Walker",Law Firm - Family Law,(904) 444-4444,Haven't Called,,,,,3/27/2026
Tier 1 - High Priority,Complete,Alexander DeGance Barnett,Law Firm - General,(904) 306-0000,Haven't Called,,,,,3/27/2026
Tier 1 - High Priority,Phone Only,Alyssa C. Shorstein,Law Firm - General,(904) 829-3035,Haven't Called,,,,,3/27/2026
Tier 1 - High Priority,Complete,Ansbacher Law,Law Firm - General,904-513-2562,Haven't Called,,,,,3/27/2026
Tier 1 - High Priority,Phone Only,"Ashley Goggins Law, P.A.",Law Firm - General,(904) 354-1110,Haven't Called,,,,,3/27/2026
Tier 1 - High Priority,Complete,Baggett Law,Law Firm - General,904-717-7745,Haven't Called,,,,,3/27/2026
Tier 1 - High Priority,Complete,Bedell Firm,Law Firm - General,(904) 353-0211,Haven't Called,,,,,3/27/2026
Tier 1 - High Priority,Phone Only,Blakeley Law,Law Firm - General,(904) 354-1110,Haven't Called,,,,,3/27/2026
Tier 1 - High Priority,Complete,Boyd & Jenerette,Law Firm - General,(904) 353-6241,Haven't Called,,,,,3/27/2026
Tier 1 - High Priority,Phone Only,"Campione Law, P.A.",Law Firm - General,904-990-8400,Haven't Called,,,,,3/27/2026
Tier 1 - High Priority,Phone Only,Christopher Thomas Wilson,Law Firm - General,(904) 777-7777,Haven't Called,,,,,3/27/2026
Tier 1 - High Priority,Complete,Coker Law,Law Firm - General,(904) 356-0441,Haven't Called,,,,,3/27/2026
Tier 1 - High Priority,Phone Only,Combs Greene,Law Firm - General,904-914-8640,Haven't Called,,,,,3/27/2026
Tier 1 - High Priority,Complete,David Alan Wolf,Law Firm - General,(904) 500-9653,Haven't Called,,,,,3/27/2026
Tier 1 - High Priority,Complete,Douglas Law Firm,Law Firm - General,904-671-8395,Haven't Called,,,,,3/27/2026
Tier 1 - High Priority,Complete,Driver McAfee Hawthorne & Diebenow,Law Firm - General,(904) 301-1269,Haven't Called,,,,,3/27/2026
Tier 1 - High Priority,Phone Only,"Edwards & Ragatz, P.A.",Law Firm - General,904-747-9305,Haven't Called,,,,,3/27/2026
Tier 1 - High Priority,Complete,Farah & Farah,Law Firm - General,(904) 396-5555,Haven't Called,,,,,3/27/2026
Tier 1 - High Priority,Complete,Fisher Tousey,Law Firm - General,(904) 356-2600,Haven't Called,,,,,3/27/2026
Tier 1 - High Priority,Complete,"Fisher, Tousey, Leas & Ball, P.A.",Law Firm - General,(904) 356-2600,Haven't Called,,,,,3/27/2026
Tier 1 - High Priority,Complete,FordHarrison,Law Firm - General,(904) 356-2428,Haven't Called,,,,,3/27/2026
Tier 1 - High Priority,Complete,GrayRobinson,Law Firm - General,(904) 598-9929,Haven't Called,,,,,3/27/2026
Tier 1 - High Priority,Complete,Gunster,Law Firm - General,(904) 354-1980,Haven't Called,,,,,3/27/2026
Tier 1 - High Priority,Complete,Harrell & Harrell,Law Firm - General,(904) 251-1111,Haven't Called,,,,,3/27/2026
Tier 1 - High Priority,Complete,Harris Guidi Rosner,Law Firm - General,(904) 777-7777,Haven't Called,,,,,3/27/2026
Tier 1 - High Priority,Complete,Holland & Knight,Law Firm - General,(904) 353-2000,Haven't Called,,,,,3/27/2026
Tier 1 - High Priority,Phone Only,"Holland Law, LLC",Law Firm - General,904-549-5600,Haven't Called,,,,,3/27/2026
Tier 1 - High Priority,Phone Only,"Holliday Karatinos Law Firm, PLLC",Law Firm - General,813-736-0144,Haven't Called,,,,,3/27/2026
Tier 1 - High Priority,Phone Only,Ian Thomas Weldon,Law Firm - General,(904) 322-7980,Haven't Called,,,,,3/27/2026
Tier 1 - High Priority,Phone Only,Jeremy Lasnetski,Law Firm - General,(904) 642-3332,Haven't Called,,,,,3/27/2026
Tier 1 - High Priority,Complete,Jimerson Birr,Law Firm - General,(904) 389-0050,Haven't Called,,,,,3/27/2026
Tier 1 - High Priority,Phone Only,John Patrick Musca,Law Firm - General,(904) 610-6545,Haven't Called,,,,,3/27/2026
Tier 1 - High Priority,Phone Only,Kaitlyn M. Payne,Law Firm - General,(904) 829-3035,Haven't Called,,,,,3/27/2026
Tier 1 - High Priority,Phone Only,Kate Mesic,Law Firm - General,(904) 619-2510,Haven't Called,,,,,3/27/2026
Tier 1 - High Priority,Phone Only,Kevin M. Cobbin,Law Firm - General,(904) 357-8448,Haven't Called,,,,,3/27/2026
Tier 1 - High Priority,Phone Only,"Kirilloff Jowers, P.A.",Law Firm - General,904-274-3947,Haven't Called,,,,,3/27/2026
Tier 1 - High Priority,Phone Only,Leonard Louis Cagan,Law Firm - General,(904) 990-4747,Haven't Called,,,,,3/27/2026
Tier 1 - High Priority,Complete,Marks Gray,Law Firm - General,(904) 398-0900,Haven't Called,,,,,3/27/2026
Tier 1 - High Priority,Complete,Milam Howard Nicandri & Gillam,Law Firm - General,(904) 357-3660,Haven't Called,,,,,3/27/2026
Tier 1 - High Priority,Complete,Morgan & Morgan,Law Firm - General,(904) 398-2722,Haven't Called,,,,,3/27/2026
Tier 1 - High Priority,Complete,Musca Law,Law Firm - General,(904) 610-6545,Haven't Called,,,,,3/27/2026
Tier 1 - High Priority,Phone Only,Naphtalie Azor,Law Firm - General,(904) 902-3061,Haven't Called,,,,,3/27/2026
Tier 1 - High Priority,Phone Only,Nichols & Pina LLLP,Law Firm - General,904-929-9814,Haven't Called,,,,,3/27/2026
Tier 1 - High Priority,Complete,Pajcic & Pajcic,Law Firm - General,(904) 358-8881,Haven't Called,,,,,3/27/2026
Tier 1 - High Priority,Phone Only,"Pistorio Law Firm, PA",Law Firm - General,904-648-0609,Haven't Called,,,,,3/27/2026
Tier 1 - High Priority,Phone Only,Reid M. Hart,Law Firm - General,(904) 299-7171,Haven't Called,,,,,3/27/2026
Tier 1 - High Priority,Phone Only,Robert Harris,Law Firm - General,(904) 777-7777,Haven't Called,,,,,3/27/2026
Tier 1 - High Priority,Complete,Rogers Towers,Law Firm - General,(904) 398-3911,Haven't Called,,,,,3/27/2026
Tier 1 - High Priority,Phone Only,Samantha Valentine Ellis,Law Firm - General,(904) 551-4120,Haven't Called,,,,,3/27/2026
Tier 1 - High Priority,Complete,Sasso Guerrero & Henderlite,Law Firm - General,(904) 619-1386,Haven't Called,,,,,3/27/2026
Tier 1 - High Priority,Phone Only,Scott Monroe,Law Firm - General,(904) 507-6194,Haven't Called,,,,,3/27/2026
Tier 1 - High Priority,Complete,Smith Hulsey & Busey,Law Firm - General,(904) 359-7700,Haven't Called,,,,,3/27/2026
Tier 1 - High Priority,Phone Only,Spohrer Dodd,Law Firm - General,904-659-9054,Haven't Called,,,,,3/27/2026
Tier 1 - High Priority,Phone Only,"St. Denis & Davey, P.A.",Law Firm - General,800-785-2153,Haven't Called,,,,,3/27/2026
Tier 1 - High Priority,Phone Only,Sung H. Lee,Law Firm - General,(904) 829-3035,Haven't Called,,,,,3/27/2026
Tier 1 - High Priority,Complete,Terrell Hogan,Law Firm - General,(904) 722-2228,Haven't Called,,,,,3/27/2026
Tier 1 - High Priority,Complete,The Epstein Law Firm,Law Firm - General,(904) 733-1400,Haven't Called,,,,,3/27/2026
Tier 1 - High Priority,Phone Only,Tom Murphy,Law Firm - General,(904) 423-6174,Haven't Called,,,,,3/27/2026
Tier 1 - High Priority,Phone Only,Victoria Mussallem,Law Firm - General,(904) 365-5200,Haven't Called,,,,,3/27/2026
Tier 1 - High Priority,Complete,Wayne Hogan (Terrell Hogan),Law Firm - General,(904) 632-2424,Haven't Called,,,,,3/27/2026
Tier 1 - High Priority,Phone Only,William L. Roelke,Law Firm - General,(904) 354-0333,Haven't Called,,,,,3/27/2026
Tier 1 - High Priority,Phone Only,William R. Moore,Law Firm - General,(904) 410-5222,Haven't Called,,,,,3/27/2026
Tier 1 - High Priority,Complete,Cavanaugh Law Group,Law Firm - Immigration,(800) 283-9516,Haven't Called,,,,,3/27/2026
Tier 1 - High Priority,Complete,"Gjoka Law Firm, PLLC",Law Firm - Immigration,(904) 351-8749,Haven't Called,,,,,3/27/2026
Tier 1 - High Priority,Complete,"Law Office of Karen Winston, LLC",Law Firm - Immigration,(904) 740-3690,Haven't Called,,,,,3/27/2026
Tier 1 - High Priority,Complete,Law Office of Robert L. Berlin,Law Firm - Immigration,(904) 296-9474,Haven't Called,,,,,3/27/2026
Tier 1 - High Priority,Complete,"Law Offices of Terpollari & Terpollari, LLC",Law Firm - Immigration,(904) 309-0646,Haven't Called,,,,,3/27/2026
Tier 1 - High Priority,Complete,"Lena Korial-Yonan, P.A.",Law Firm - Immigration,(904) 448-6646,Haven't Called,,,,,3/27/2026
Tier 1 - High Priority,Complete,"Weldon Law Group, PLLC",Law Firm - Immigration,(904) 322-7980,Haven't Called,,,,,3/27/2026
Tier 1 - High Priority,Complete,Baggett Law Personal Injury Lawyers,Law Firm - Personal Injury,(904) 875-8327,Haven't Called,,,,,3/27/2026
Tier 1 - High Priority,Complete,"David Alan Wolf, Personal Injury Attorney",Law Firm - Personal Injury,(904) 500-9653,Haven't Called,,,,,3/27/2026
Tier 1 - High Priority,Complete,Fasig | Brooks Law Offices,Law Firm - Personal Injury,(904) 299-1643,Haven't Called,,,,,3/27/2026
Tier 1 - High Priority,Phone Only,"Friedland Law, Car Accident and Personal Injury Attorneys",Law Firm - Personal Injury,(800) 210-4878,Haven't Called,,,,,3/27/2026
Tier 1 - High Priority,Complete,Henry Gare Personal Injury Attorney,Law Firm - Personal Injury,(904) 387-6101,Haven't Called,,,,,3/27/2026
Tier 1 - High Priority,Complete,Pencheff and Fraley Injury and Accident Attorneys,Law Firm - Personal Injury,(904) 770-4953,Haven't Called,,,,,3/27/2026
Tier 1 - High Priority,Complete,"The Law Offices Of Ron Sholes, P.A.",Law Firm - Personal Injury,(904) 780-0941,Haven't Called,,,,,3/27/2026
Tier 1 - High Priority,Phone Only,A-1 Plumbing,Plumbing,(904) 356-1111,Haven't Called,,,,,3/27/2026
Tier 1 - High Priority,Phone Only,ASAP Plumbing and Drain Cleaning Services,Plumbing,1-904-346-1266,Haven't Called,,,,,3/27/2026
Tier 1 - High Priority,Phone Only,All-Star Plumbing,Plumbing,(904) 246-1234,Haven't Called,,,,,3/27/2026
Tier 1 - High Priority,Complete,American Plumbing Contractors Inc.,Plumbing,904.745.1693,Haven't Called,,,,,3/27/2026
Tier 1 - High Priority,Phone Only,Atlantic Coast Plumbing,Plumbing,(904) 241-1551,Haven't Called,,,,,3/27/2026
Tier 1 - High Priority,Phone Only,BathFitter,Plumbing,(866) 394-8827,Haven't Called,,,,,3/27/2026
Tier 1 - High Priority,Complete,Bill Fenwick Plumbing,Plumbing,(904) 724-2455,Haven't Called,,,,,3/27/2026
Tier 1 - High Priority,Phone Only,Capital Plumbing,Plumbing,(904) 733-1888,Haven't Called,,,,,3/27/2026
Tier 1 - High Priority,Phone Only,"Celtic Custom Plumbing, Inc.",Plumbing,(904) 396-6757,Haven't Called,,,,,3/27/2026
Tier 1 - High Priority,Phone Only,Couf Plumbing,Plumbing,(904) 899-3348,Haven't Called,,,,,3/27/2026
Tier 1 - High Priority,Complete,Darley's Plumbing Inc,Plumbing,(904) 727-1484,Haven't Called,,,,,3/27/2026
Tier 1 - High Priority,Complete,"David Gray Plumbing (David Gray Electrical, Plumbing, Heating & Air)",Plumbing,(904) 724-7211,Haven't Called,,,,,3/27/2026
Tier 1 - High Priority,Complete,Duck Duck Rooter,Plumbing,(904) 862-6769,Haven't Called,,,,,3/27/2026
Tier 1 - High Priority,Complete,Eagerton Plumbing,Plumbing,(904) 388-0761,Haven't Called,,,,,3/27/2026
Tier 1 - High Priority,Complete,Fenwick Home Services,Plumbing,(904) 222-2222,Haven't Called,,,,,3/27/2026
Tier 1 - High Priority,Complete,Harry Hayes Plumbing,Plumbing,(904) 723-5609,Haven't Called,,,,,3/27/2026
Tier 1 - High Priority,Complete,Justin The Plumber LLC,Plumbing,(904) 524-8188,Haven't Called,,,,,3/27/2026
Tier 1 - High Priority,Phone Only,Mike Merry Plumbing,Plumbing,(904) 388-1234,Haven't Called,,,,,3/27/2026
Tier 1 - High Priority,Phone Only,O'Neal Plumbing,Plumbing,(904) 744-1234,Haven't Called,,,,,3/27/2026
Tier 1 - High Priority,Complete,Peyton Plumbing,Plumbing,904-678-1754,Haven't Called,,,,,3/27/2026
Tier 1 - High Priority,Phone Only,Plumb-Rite,Plumbing,(904) 737-2511,Haven't Called,,,,,3/27/2026
Tier 1 - High Priority,Phone Only,"Plumbers, Inc. of Jax",Plumbing,(904) 724-1945,Haven't Called,,,,,3/27/2026
Tier 1 - High Priority,Complete,Rolland Reash Plumbing,Plumbing,(904) 260-7059,Haven't Called,,,,,3/27/2026
Tier 1 - High Priority,Complete,Roto-Rooter,Plumbing,(904) 396-4679,Haven't Called,,,,,3/27/2026
Tier 1 - High Priority,Complete,Roto-Rooter Plumbing & Drain Service,Plumbing,(904) 724-7000,Haven't Called,,,,,3/27/2026
Tier 1 - High Priority,Complete,Superior Plumbing,Plumbing,(904) 238-8001,Haven't Called,,,,,3/27/2026
Tier 1 - High Priority,Phone Only,Terry's Plumbing,Plumbing,(904) 733-2555,Haven't Called,,,,,3/27/2026
Tier 1 - High Priority,Complete,Tim's Plumbing & HVAC,Plumbing,844-833-2093,Haven't Called,,,,,3/27/2026
Tier 1 - High Priority,Complete,Touchton Plumbing,Plumbing,(904) 389-9299,Haven't Called,,,,,3/27/2026
Tier 1 - High Priority,Complete,Turner Plumbing,Plumbing,(904) 396-7044,Haven't Called,,,,,3/27/2026
Tier 1 - High Priority,Complete,Turner Plumbing Company Inc.,Plumbing,(904) 396-7044,Haven't Called,,,,,3/27/2026
Tier 1 - High Priority,Complete,W.W. Gay Mechanical Contractor,Plumbing,(904) 388-2696,Haven't Called,,,,,3/27/2026
Tier 1 - High Priority,Complete,Alta Realty and Management,Property Management,(904) 917-2734,Haven't Called,,,,,3/27/2026
Tier 1 - High Priority,Complete,CenterBeam Real Estate,Property Management,(904) 701-3276,Haven't Called,,,,,3/27/2026
Tier 1 - High Priority,Complete,DoorVine Property Management,Property Management,(904) 222-7368,Haven't Called,,,,,3/27/2026
Tier 1 - High Priority,Phone Only,Elite Realty Group,Property Management,(904) 241-1234,Haven't Called,,,,,3/27/2026
Tier 1 - High Priority,Complete,First Coast Property Management,Property Management,(904) 400-7000,Haven't Called,,,,,3/27/2026
Tier 1 - High Priority,Complete,Florida Network Property Management,Property Management,(904) 802-0600,Haven't Called,,,,,3/27/2026
Tier 1 - High Priority,Complete,Green River Property Management,Property Management,904.807.8331,Haven't Called,,,,,3/27/2026
Tier 1 - High Priority,Complete,Hover Girl Properties,Property Management,(904) 551-9551,Haven't Called,,,,,3/27/2026
Tier 1 - High Priority,Complete,JWB Property Management,Property Management,(904) 677-6777,Haven't Called,,,,,3/27/2026
Tier 1 - High Priority,Complete,JWB Real Estate Capital,Property Management,(904) 677-6777,Haven't Called,,,,,3/27/2026
Tier 1 - High Priority,Complete,JWB Rental Homes,Property Management,(904) 737-0035,Haven't Called,,,,,3/27/2026
Tier 1 - High Priority,Complete,Keyrenter Jacksonville,Property Management,(904) 330-4040,Haven't Called,,,,,3/27/2026
Tier 1 - High Priority,Phone Only,Landmark Property Management,Property Management,(904) 262-1234,Haven't Called,,,,,3/27/2026
Tier 1 - High Priority,Complete,Lighthouse Property Management & Realty,Property Management,904.944.7418,Haven't Called,,,,,3/27/2026
Tier 1 - High Priority,Phone Only,"Lighthouse Property Management and Realty, LLC",Property Management,(904) 374-1289,Haven't Called,,,,,3/27/2026
Tier 1 - High Priority,Complete,Navy to Navy Homes,Property Management,904-900-4766,Haven't Called,,,,,3/27/2026
Tier 1 - High Priority,Complete,Nest Finders Property Management,Property Management,(904) 565-9040,Haven't Called,,,,,3/27/2026
Tier 1 - High Priority,Phone Only,Northpoint Asset Management,Property Management,(904) 724-1234,Haven't Called,,,,,3/27/2026
Tier 1 - High Priority,Complete,RPM Sunstate,Property Management,(904) 503-9488,Haven't Called,,,,,3/27/2026
Tier 1 - High Priority,Phone Only,Realty Masters,Property Management,(904) 744-1234,Haven't Called,,,,,3/27/2026
Tier 1 - High Priority,Complete,Red Rooster Property Management LLC,Property Management,(904) 469-6335,Haven't Called,,,,,3/27/2026
Tier 1 - High Priority,Phone Only,Rent Solutions,Property Management,(904) 733-1234,Haven't Called,,,,,3/27/2026
Tier 1 - High Priority,Complete,Rental Guys Property Management,Property Management,(904) 254-2773,Haven't Called,,,,,3/27/2026
Tier 1 - High Priority,Phone Only,Renters Warehouse Jax,Property Management,(904) 398-1234,Haven't Called,,,,,3/27/2026
Tier 1 - High Priority,Complete,River City Rentals,Property Management,904-321-9020,Haven't Called,,,,,3/27/2026
Tier 1 - High Priority,Complete,Round Table Property Management,Property Management,904.469.7272,Haven't Called,,,,,3/27/2026
Tier 1 - High Priority,Complete,Suncoast Property Management,Property Management,(904) 517-5939,Haven't Called,,,,,3/27/2026
Tier 1 - High Priority,Phone Only,TG Property Management,Property Management,(904) 693-6092,Haven't Called,,,,,3/27/2026
Tier 1 - High Priority,Complete,The Property Management Company of Jacksonville,Property Management,(904) 565-1084,Haven't Called,,,,,3/27/2026
Tier 1 - High Priority,Phone Only,The Thayver Group,Property Management,(904) 693-6092,Haven't Called,,,,,3/27/2026
Tier 1 - High Priority,Complete,Traditions Realty,Property Management,(904) 683-5230,Haven't Called,,,,,3/27/2026
Tier 1 - High Priority,Complete,Valiant Realty & Management,Property Management,(904) 862-2200,Haven't Called,,,,,3/27/2026
Tier 1 - High Priority,Complete,1-800 WATER DAMAGE of Jacksonville East and St. Augustine,Water Damage / Restoration,(904) 578-5550,Haven't Called,,,,,3/27/2026
Tier 1 - High Priority,Complete,911 Restoration Jax,Water Damage / Restoration,(904) 262-1234,Haven't Called,,,,,3/27/2026
Tier 1 - High Priority,Complete,AdvantaClean of Duval,Water Damage / Restoration,(904) 241-1111,Haven't Called,,,,,3/27/2026
Tier 1 - High Priority,Complete,Aftermath Services,Water Damage / Restoration,877.897.5995,Haven't Called,,,,,3/27/2026
Tier 1 - High Priority,Complete,All Dry Services,Water Damage / Restoration,(904) 592-9111,Haven't Called,,,,,3/27/2026
Tier 1 - High Priority,Complete,All Things Restored LLC,Water Damage / Restoration,(904) 423-5663,Haven't Called,,,,,3/27/2026
Tier 1 - High Priority,Complete,American Quality Restoration,Water Damage / Restoration,(904) 438-8780,Haven't Called,,,,,3/27/2026
Tier 1 - High Priority,Complete,Bio-One Jax,Water Damage / Restoration,(904) 555-1234,Haven't Called,,,,,3/27/2026
Tier 1 - High Priority,Complete,Bio-One of Duval County,Water Damage / Restoration,904-778-5125,Haven't Called,,,,,3/27/2026
Tier 1 - High Priority,Complete,Coastal Restore Co.,Water Damage / Restoration,904-585-2282,Haven't Called,,,,,3/27/2026
Tier 1 - High Priority,Complete,Cotton GDS,Water Damage / Restoration,877-511-2962,Haven't Called,,,,,3/27/2026
Tier 1 - High Priority,Phone Only,Disaster Cleanup,Water Damage / Restoration,(904) 246-1234,Haven't Called,,,,,3/27/2026
Tier 1 - High Priority,Complete,DryZone,Water Damage / Restoration,(904) 246-1234,Haven't Called,,,,,3/27/2026
Tier 1 - High Priority,Phone Only,ERS Restoration,Water Damage / Restoration,(904) 262-1234,Haven't Called,,,,,3/27/2026
Tier 1 - High Priority,Phone Only,Firehouse Restoration,Water Damage / Restoration,1-800-461-7809,Haven't Called,,,,,3/27/2026
Tier 1 - High Priority,Complete,First Coast Contracting,Water Damage / Restoration,(904) 710-9545,Haven't Called,,,,,3/27/2026
Tier 1 - High Priority,Phone Only,First Coast Restoration,Water Damage / Restoration,(904) 398-1234,Haven't Called,,,,,3/27/2026
Tier 1 - High Priority,Complete,First Onsite Property Restoration,Water Damage / Restoration,(904) 779-3675,Haven't Called,,,,,3/27/2026
Tier 1 - High Priority,Phone Only,Flood Masters,Water Damage / Restoration,(904) 642-1234,Haven't Called,,,,,3/27/2026
Tier 1 - High Priority,Complete,Jacksonville Damage Restoration,Water Damage / Restoration,(904) 585-1288,Haven't Called,,,,,3/27/2026
Tier 1 - High Priority,Complete,Jax Decon,Water Damage / Restoration,(904) 906-6094,Haven't Called,,,,,3/27/2026
Tier 1 - High Priority,Phone Only,Jax Mold,Water Damage / Restoration,(904) 724-1234,Haven't Called,,,,,3/27/2026
Tier 1 - High Priority,Complete,Jenkins Restorations,Water Damage / Restoration,(904) 353-1234,Haven't Called,,,,,3/27/2026
Tier 1 - High Priority,Complete,Kustom,Water Damage / Restoration,904-439-8900,Haven't Called,,,,,3/27/2026
Tier 1 - High Priority,Complete,Kustom Disaster Restoration,Water Damage / Restoration,(904) 439-8900,Haven't Called,,,,,3/27/2026
Tier 1 - High Priority,Phone Only,Mold Solutions,Water Damage / Restoration,(904) 733-1234,Haven't Called,,,,,3/27/2026
Tier 1 - High Priority,Phone Only,Paul Davis Restoration,Water Damage / Restoration,(904) 739-6047,Haven't Called,,,,,3/27/2026
Tier 1 - High Priority,Complete,Paul Davis Restoration Jax,Water Damage / Restoration,(904) 739-6047,Haven't Called,,,,,3/27/2026
Tier 1 - High Priority,Complete,Paul Davis Restoration of North Florida,Water Damage / Restoration,904-739-6047,Haven't Called,,,,,3/27/2026
Tier 1 - High Priority,Complete,PuroClean of Jacksonville,Water Damage / Restoration,(904) 573-3566,Haven't Called,,,,,3/27/2026
Tier 1 - High Priority,Complete,PuroClean of Jacksonville Southbank,Water Damage / Restoration,(904) 428-0002,Haven't Called,,,,,3/27/2026
Tier 1 - High Priority,Complete,Rainbow Restoration,Water Damage / Restoration,(904) 743-1234,Haven't Called,,,,,3/27/2026
Tier 1 - High Priority,Complete,"Rainbow Restoration of Deerwood, FL",Water Damage / Restoration,(904) 862-7522,Haven't Called,,,,,3/27/2026
Tier 1 - High Priority,Complete,Regency DRT,Water Damage / Restoration,(888) 354-2447,Haven't Called,,,,,3/27/2026
Tier 1 - High Priority,Phone Only,Remediation Specialists,Water Damage / Restoration,(904) 388-1234,Haven't Called,,,,,3/27/2026
Tier 1 - High Priority,Complete,Restoration 1 of Jacksonville,Water Damage / Restoration,(904) 555-1234,Haven't Called,,,,,3/27/2026
Tier 1 - High Priority,Complete,"Restore 24, Inc.",Water Damage / Restoration,(904) 737-8673,Haven't Called,,,,,3/27/2026
Tier 1 - High Priority,Complete,SERVPRO of Arlington,Water Damage / Restoration,(904) 721-2230,Haven't Called,,,,,3/27/2026
Tier 1 - High Priority,Complete,SERVPRO of Fernandina Beach/Jacksonville Northeast,Water Damage / Restoration,(904) 729-2401,Haven't Called,,,,,3/27/2026
Tier 1 - High Priority,Complete,SERVPRO of Jacksonville South,Water Damage / Restoration,(904) 762-8066,Haven't Called,,,,,3/27/2026
Tier 1 - High Priority,Complete,SERVPRO of Jacksonville Westside / Orange Park,Water Damage / Restoration,(904) 779-3990,Haven't Called,,,,,3/27/2026
Tier 1 - High Priority,Complete,SERVPRO of Southside,Water Damage / Restoration,(904) 762-8066,Haven't Called,,,,,3/27/2026
Tier 1 - High Priority,Complete,SERVPRO of The Beaches / Ponte Vedra,Water Damage / Restoration,(904) 269-9282,Haven't Called,,,,,3/27/2026
Tier 1 - High Priority,Phone Only,Sandra Restored It,Water Damage / Restoration,(904) 438-8109,Haven't Called,,,,,3/27/2026
Tier 1 - High Priority,Complete,ServiceMaster Restore Jax,Water Damage / Restoration,(904) 262-1234,Haven't Called,,,,,3/27/2026
Tier 1 - High Priority,Complete,Servpro of Mandarin,Water Damage / Restoration,(904) 636-0044,Haven't Called,,,,,3/27/2026
Tier 1 - High Priority,Complete,United Water Restoration,Water Damage / Restoration,(904) 241-1234,Haven't Called,,,,,3/27/2026
Tier 1 - High Priority,Complete,United Water Restoration Group of Jacksonville,Water Damage / Restoration,(904) 906-5915,Haven't Called,,,,,3/27/2026
Tier 1 - High Priority,Phone Only,Water Damage Pros Jacksonville,Water Damage / Restoration,(904) 398-1234,Haven't Called,,,,,3/27/2026
Tier 1 - High Priority,Phone Only,Water Out,Water Damage / Restoration,(904) 388-1234,Haven't Called,,,,,3/27/2026
Tier 2 - Medium Priority,Phone Only,A-1 Electrical Contracting,Electrical Contractor,(904) 354-1502,Haven't Called,,,,,3/27/2026
Tier 2 - Medium Priority,Phone Only,ARC Electric,Electrical Contractor,(904) 733-4022,Haven't Called,,,,,3/27/2026
Tier 2 - Medium Priority,Complete,Advanced Electric of North Florida,Electrical Contractor,(904) 744-4446,Haven't Called,,,,,3/27/2026
Tier 2 - Medium Priority,Complete,Advanced Wiring Services,Electrical Contractor,(904) 744-4446,Haven't Called,,,,,3/27/2026
Tier 2 - Medium Priority,Complete,All Service Electric,Electrical Contractor,(904) 446-9440,Haven't Called,,,,,3/27/2026
Tier 2 - Medium Priority,Complete,Almsgiving Electric LLC,Electrical Contractor,(617) 947-4811,Haven't Called,,,,,3/27/2026
Tier 2 - Medium Priority,Complete,American Electrical Contracting Inc.,Electrical Contractor,(904) 737-7770,Haven't Called,,,,,3/27/2026
Tier 2 - Medium Priority,Phone Only,Asbury Electrical,Electrical Contractor,(904) 710-1419,Haven't Called,,,,,3/27/2026
Tier 2 - Medium Priority,Phone Only,B&G Electrical Contractors,Electrical Contractor,(904) 384-4654,Haven't Called,,,,,3/27/2026
Tier 2 - Medium Priority,Complete,Bolt Electric,Electrical Contractor,(904) 701-3312,Haven't Called,,,,,3/27/2026
Tier 2 - Medium Priority,Phone Only,Bright Home Electric,Electrical Contractor,(904) 434-2111,Haven't Called,,,,,3/27/2026
Tier 2 - Medium Priority,Phone Only,Crawford Electric,Electrical Contractor,(904) 990-5464,Haven't Called,,,,,3/27/2026
Tier 2 - Medium Priority,Complete,Current Electrical Contractors,Electrical Contractor,(904) 891-7050,Haven't Called,,,,,3/27/2026
Tier 2 - Medium Priority,Complete,David Gray Electrical,Electrical Contractor,(904) 724-7211,Haven't Called,,,,,3/27/2026
Tier 2 - Medium Priority,Complete,E3 Electric of NE FL Inc,Electrical Contractor,(904) 880-0333,Haven't Called,,,,,3/27/2026
Tier 2 - Medium Priority,Phone Only,Energy Electric,Electrical Contractor,(904) 264-0010,Haven't Called,,,,,3/27/2026
Tier 2 - Medium Priority,Complete,Fred Electric,Electrical Contractor,(732) 228-0833,Haven't Called,,,,,3/27/2026
Tier 2 - Medium Priority,Complete,GT Electrical Contractors Inc.,Electrical Contractor,(904) 852-0058,Haven't Called,,,,,3/27/2026
Tier 2 - Medium Priority,Complete,Industrial Electric Testing,Electrical Contractor,904-260-8378,Haven't Called,,,,,3/27/2026
Tier 2 - Medium Priority,Phone Only,JAX Electrical Contracting,Electrical Contractor,(904) 505-1881,Haven't Called,,,,,3/27/2026
Tier 2 - Medium Priority,Complete,JaxPowerPro Electric,Electrical Contractor,(904) 689-7572,Haven't Called,,,,,3/27/2026
Tier 2 - Medium Priority,Complete,Lickety-Split,Electrical Contractor,904-217-6218,Haven't Called,,,,,3/27/2026
Tier 2 - Medium Priority,Complete,Lin's Electric Inc.,Electrical Contractor,(904) 868-6586,Haven't Called,,,,,3/27/2026
Tier 2 - Medium Priority,Phone Only,M&M Electric,Electrical Contractor,(904) 779-7000,Haven't Called,,,,,3/27/2026
Tier 2 - Medium Priority,Complete,Mister Sparky First Coast,Electrical Contractor,(904) 204-1882,Haven't Called,,,,,3/27/2026
Tier 2 - Medium Priority,Complete,Mister Sparky of Jacksonville,Electrical Contractor,(904) 512-2580,Haven't Called,,,,,3/27/2026
Tier 2 - Medium Priority,Phone Only,Northeast Florida Wiring Solutions,Electrical Contractor,(904) 422-2955,Haven't Called,,,,,3/27/2026
Tier 2 - Medium Priority,Phone Only,Power & Light Electric,Electrical Contractor,(904) 646-1211,Haven't Called,,,,,3/27/2026
Tier 2 - Medium Priority,Phone Only,Pro-Fit Electrical,Electrical Contractor,(904) 620-0220,Haven't Called,,,,,3/27/2026
Tier 2 - Medium Priority,Complete,Pure Power Electrical Contractor,Electrical Contractor,(904) 544-0434,Haven't Called,,,,,3/27/2026
Tier 2 - Medium Priority,Complete,"Quality Electrical Service, Inc.",Electrical Contractor,(904) 388-9198,Haven't Called,,,,,3/27/2026
Tier 2 - Medium Priority,Complete,Schuman Electric,Electrical Contractor,904-374-9656,Haven't Called,,,,,3/27/2026
Tier 2 - Medium Priority,Phone Only,Southeast Electrical Services,Electrical Contractor,(904) 221-5058,Haven't Called,,,,,3/27/2026
Tier 2 - Medium Priority,Phone Only,Sunrise Electric,Electrical Contractor,(904) 724-1188,Haven't Called,,,,,3/27/2026
Tier 2 - Medium Priority,Complete,Tenax Electrical,Electrical Contractor,(904) 604-6100,Haven't Called,,,,,3/27/2026
Tier 2 - Medium Priority,Complete,Tenax Electrical Company,Electrical Contractor,(904) 604-6100,Haven't Called,,,,,3/27/2026
Tier 2 - Medium Priority,Phone Only,Titan Electric,Electrical Contractor,(904) 398-1153,Haven't Called,,,,,3/27/2026
Tier 2 - Medium Priority,Phone Only,United Electric,Electrical Contractor,(904) 355-6677,Haven't Called,,,,,3/27/2026
Tier 2 - Medium Priority,Phone Only,Action Pest Control,Pest Control,(904) 725-1234,Haven't Called,,,,,3/27/2026
Tier 2 - Medium Priority,Complete,All-Seasons Pest Control,Pest Control,(813) 303-9690,Haven't Called,,,,,3/27/2026
Tier 2 - Medium Priority,Phone Only,Apex Pest Control,Pest Control,(904) 262-1234,Haven't Called,,,,,3/27/2026
Tier 2 - Medium Priority,Complete,B&B Exterminating,Pest Control,(904) 389-3323,Haven't Called,,,,,3/27/2026
Tier 2 - Medium Priority,Phone Only,B&B Pest Control,Pest Control,(904) 731-1511,Haven't Called,,,,,3/27/2026
Tier 2 - Medium Priority,Phone Only,B&G Pest Control,Pest Control,(904) 388-1234,Haven't Called,,,,,3/27/2026
Tier 2 - Medium Priority,Phone Only,Beaches Pest Control,Pest Control,(904) 241-1234,Haven't Called,,,,,3/27/2026
Tier 2 - Medium Priority,Phone Only,Bug Man Pest Control,Pest Control,(904) 733-1234,Haven't Called,,,,,3/27/2026
Tier 2 - Medium Priority,Complete,Bug Out,Pest Control,(904) 724-0600,Haven't Called,,,,,3/27/2026
Tier 2 - Medium Priority,Phone Only,Bug Out (Arlington),Pest Control,(904) 842-4975,Haven't Called,,,,,3/27/2026
Tier 2 - Medium Priority,Complete,ClearDefense Pest Control,Pest Control,(904) 789-3232,Haven't Called,,,,,3/27/2026
Tier 2 - Medium Priority,Phone Only,Dixon Pest Services,Pest Control,(850) 446-2872,Haven't Called,,,,,3/27/2026
Tier 2 - Medium Priority,Phone Only,First Coast Pest Control,Pest Control,(904) 384-3388,Haven't Called,,,,,3/27/2026
Tier 2 - Medium Priority,Complete,Florida Pest Control,Pest Control,(904) 355-6624,Haven't Called,,,,,3/27/2026
Tier 2 - Medium Priority,Phone Only,Good News Pest Solutions,Pest Control,(904) 246-1234,Haven't Called,,,,,3/27/2026
Tier 2 - Medium Priority,Complete,HomeTeam Pest Defense,Pest Control,(904) 730-2522,Haven't Called,,,,,3/27/2026
Tier 2 - Medium Priority,Complete,JAX Wildlife Removal,Pest Control,904-738-0555,Haven't Called,,,,,3/27/2026
Tier 2 - Medium Priority,Phone Only,Jax Pest Control,Pest Control,(904) 398-1234,Haven't Called,,,,,3/27/2026
Tier 2 - Medium Priority,Phone Only,King's Pest Control,Pest Control,(904) 744-1111,Haven't Called,,,,,3/27/2026
Tier 2 - Medium Priority,Complete,Lindsey Pest Services,Pest Control,(904) 296-6013,Haven't Called,,,,,3/27/2026
Tier 2 - Medium Priority,Complete,Mark Pest,Pest Control,904-222-7625,Haven't Called,,,,,3/27/2026
Tier 2 - Medium Priority,Complete,Massey Services,Pest Control,(904) 751-0199,Haven't Called,,,,,3/27/2026
Tier 2 - Medium Priority,Complete,McCall Service,Pest Control,(904) 389-5561,Haven't Called,,,,,3/27/2026
Tier 2 - Medium Priority,Complete,Mission Pest (Jax),Pest Control,(904) 944-7378,Haven't Called,,,,,3/27/2026
Tier 2 - Medium Priority,Complete,Nader's Pest Raiders,Pest Control,(904) 757-7378,Haven't Called,,,,,3/27/2026
Tier 2 - Medium Priority,Complete,Orkin,Pest Control,904-661-7850,Haven't Called,,,,,3/27/2026
Tier 2 - Medium Priority,Complete,Peninsular Pest Control,Pest Control,(904) 264-6500,Haven't Called,,,,,3/27/2026
Tier 2 - Medium Priority,Phone Only,Proforce Pest Control,Pest Control,(904) 539-4664,Haven't Called,,,,,3/27/2026
Tier 2 - Medium Priority,Complete,Quick Catch,Pest Control,904-859-6585,Haven't Called,,,,,3/27/2026
Tier 2 - Medium Priority,Complete,Royal Pest Services,Pest Control,(904) 886-2847,Haven't Called,,,,,3/27/2026
Tier 2 - Medium Priority,Complete,Safari Termite & Pest,Pest Control,(904) 726-9330,Haven't Called,,,,,3/27/2026
Tier 2 - Medium Priority,Phone Only,Sovereign Pest Control,Pest Control,(904) 353-1234,Haven't Called,,,,,3/27/2026
Tier 2 - Medium Priority,Complete,Trutech Wildlife Service,Pest Control,(904) 467-5598,Haven't Called,,,,,3/27/2026
Tier 2 - Medium Priority,Complete,Turner Pest Control,Pest Control,(904) 355-5300,Haven't Called,,,,,3/27/2026
Tier 2 - Medium Priority,Phone Only,Wildlife PRO-Tection,Pest Control,(904) 999-9241,Haven't Called,,,,,3/27/2026
Tier 2 - Medium Priority,Complete,ASP - America's Swimming Pool Company of South Jacksonville,Pool Service,(904) 594-2648,Haven't Called,,,,,3/27/2026
Tier 2 - Medium Priority,Complete,All Clear Pool Services,Pool Service,(904) 619-3388,Haven't Called,,,,,3/27/2026
Tier 2 - Medium Priority,Complete,Amenity Pool Service,Pool Service,+1-855-554-POOL,Haven't Called,,,,,3/27/2026
Tier 2 - Medium Priority,Phone Only,Aqua Pool Service,Pool Service,(904) 388-1234,Haven't Called,,,,,3/27/2026
Tier 2 - Medium Priority,Complete,Blue Haven Pools & Spas,Pool Service,904-620-0090,Haven't Called,,,,,3/27/2026
Tier 2 - Medium Priority,Complete,Blue Haven Pools on the Gulf,Pool Service,(904) 620-0090,Haven't Called,,,,,3/27/2026
Tier 2 - Medium Priority,Phone Only,Blue Oasis Pool,Pool Service,(904) 744-1234,Haven't Called,,,,,3/27/2026
Tier 2 - Medium Priority,Complete,Blue Science Pool Cleaning Service,Pool Service,(904) 541-8600,Haven't Called,,,,,3/27/2026
Tier 2 - Medium Priority,Complete,Blue Solutions Pools,Pool Service,(904) 585-2311,Haven't Called,,,,,3/27/2026
Tier 2 - Medium Priority,Phone Only,Blue Water Pools,Pool Service,(904) 353-1234,Haven't Called,,,,,3/27/2026
Tier 2 - Medium Priority,Complete,Clarkson Pools,Pool Service,904-223-4050,Haven't Called,,,,,3/27/2026
Tier 2 - Medium Priority,Complete,Classic Pools,Pool Service,(904) 731-0777,Haven't Called,,,,,3/27/2026
Tier 2 - Medium Priority,Phone Only,Clear Water Pools,Pool Service,(904) 733-1234,Haven't Called,,,,,3/27/2026
Tier 2 - Medium Priority,Complete,Coastal Luxury Outdoors,Pool Service,(904) 543-2626,Haven't Called,,,,,3/27/2026
Tier 2 - Medium Priority,Complete,Coastal Pool Care,Pool Service,(904) 377-8300,Haven't Called,,,,,3/27/2026
Tier 2 - Medium Priority,Complete,Crown Pools,Pool Service,(904) 858-4300,Haven't Called,,,,,3/27/2026
Tier 2 - Medium Priority,Phone Only,Crystal Clean Pools,Pool Service,(904) 725-1234,Haven't Called,,,,,3/27/2026
Tier 2 - Medium Priority,Phone Only,Elite Pool Service,Pool Service,(904) 398-1234,Haven't Called,,,,,3/27/2026
Tier 2 - Medium Priority,Complete,First Coast Pool Cleaning,Pool Service,(904) 742-8240,Haven't Called,,,,,3/27/2026
Tier 2 - Medium Priority,Phone Only,First Coast Pools,Pool Service,(904) 241-1234,Haven't Called,,,,,3/27/2026
Tier 2 - Medium Priority,Phone Only,Florida Pool Professionals,Pool Service,(904) 388-1111,Haven't Called,,,,,3/27/2026
Tier 2 - Medium Priority,Complete,"Frank's Pool Services, Inc.",Pool Service,(904) 642-2583,Haven't Called,,,,,3/27/2026
Tier 2 - Medium Priority,Phone Only,Gator Pools,Pool Service,(904) 642-1111,Haven't Called,,,,,3/27/2026
Tier 2 - Medium Priority,Complete,Henderson Pool Service,Pool Service,(904) 241-7665,Haven't Called,,,,,3/27/2026
Tier 2 - Medium Priority,Complete,Hidden Gem Pools,Pool Service,(904) 884-3825,Haven't Called,,,,,3/27/2026
Tier 2 - Medium Priority,Phone Only,Jax Pool Service,Pool Service,(904) 246-1234,Haven't Called,,,,,3/27/2026
Tier 2 - Medium Priority,Complete,Jomo Pool Service,Pool Service,904-222-0809,Haven't Called,,,,,3/27/2026
Tier 2 - Medium Priority,Complete,Kerry Martin Pools,Pool Service,904.262.2384,Haven't Called,,,,,3/27/2026
Tier 2 - Medium Priority,Phone Only,Liquid Pool Service,Pool Service,(904) 724-1111,Haven't Called,,,,,3/27/2026
Tier 2 - Medium Priority,Complete,North East Florida Pool Service,Pool Service,(904) 636-0903,Haven't Called,,,,,3/27/2026
Tier 2 - Medium Priority,Complete,North East Florida Pools,Pool Service,(904) 636-0903,Haven't Called,,,,,3/27/2026
Tier 2 - Medium Priority,Complete,Payne Pool Professionals,Pool Service,(904) 648-9411,Haven't Called,,,,,3/27/2026
Tier 2 - Medium Priority,Phone Only,Pelican Pools,Pool Service,(904) 241-1111,Haven't Called,,,,,3/27/2026
Tier 2 - Medium Priority,Complete,Pinch A Penny #219,Pool Service,(904) 379-3621,Haven't Called,,,,,3/27/2026
Tier 2 - Medium Priority,Complete,Pinch A Penny #70,Pool Service,(904) 268-9561,Haven't Called,,,,,3/27/2026
Tier 2 - Medium Priority,Complete,Pinch A Penny Pool Patio Spa (Mandarin),Pool Service,(904) 268-6156,Haven't Called,,,,,3/27/2026
Tier 2 - Medium Priority,Complete,Pools By Stella Inc,Pool Service,(904) 662-5588,Haven't Called,,,,,3/27/2026
Tier 2 - Medium Priority,Complete,Pratt Guys,Pool Service,(904) 724-7484,Haven't Called,,,,,3/27/2026
Tier 2 - Medium Priority,Complete,Premier Pools & Spas,Pool Service,(904) 646-1234,Haven't Called,,,,,3/27/2026
Tier 2 - Medium Priority,Complete,Puddle Pool Services,Pool Service,904-867-3363,Haven't Called,,,,,3/27/2026
Tier 2 - Medium Priority,Complete,Sean's Pool Service,Pool Service,(904) 625-2910,Haven't Called,,,,,3/27/2026
Tier 2 - Medium Priority,Complete,Sharkey Pools,Pool Service,904-638-6045,Haven't Called,,,,,3/27/2026
Tier 2 - Medium Priority,Phone Only,Splash Pools,Pool Service,(904) 262-1234,Haven't Called,,,,,3/27/2026
Tier 2 - Medium Priority,Phone Only,Sunrise Pools,Pool Service,(904) 743-1234,Haven't Called,,,,,3/27/2026
Tier 2 - Medium Priority,Complete,Surfside Pools,Pool Service,(904) 246-2666,Haven't Called,,,,,3/27/2026
Tier 2 - Medium Priority,Complete,Tempool,Pool Service,(904) 262-5205,Haven't Called,,,,,3/27/2026
Tier 2 - Medium Priority,Complete,The Pool Guys of Jacksonville,Pool Service,(904) 364-1115,Haven't Called,,,,,3/27/2026
Tier 2 - Medium Priority,Complete,Z Pool Services Jacksonville,Pool Service,(904) 729-7834,Haven't Called,,,,,3/27/2026
Tier 2 - Medium Priority,Complete,A Plus Consulting Unlimited,Real Estate Brokerage,(904) 233-2549,Haven't Called,,,,,3/27/2026
Tier 2 - Medium Priority,Complete,AgentChase Real Estate,Real Estate Brokerage,(904) 513-8575,Haven't Called,,,,,3/27/2026
Tier 2 - Medium Priority,Phone Only,All Real Estate Options,Real Estate Brokerage,(904) 246-1234,Haven't Called,,,,,3/27/2026
Tier 2 - Medium Priority,Phone Only,Bold City Real Estate,Real Estate Brokerage,(904) 262-1234,Haven't Called,,,,,3/27/2026
Tier 2 - Medium Priority,Phone Only,Century 21 Lighthouse Realty,Real Estate Brokerage,(904) 724-1234,Haven't Called,,,,,3/27/2026
Tier 2 - Medium Priority,Phone Only,Cindy Corey - Better Homes and Gardens Lifestyle Realty,Real Estate Brokerage,(904) 673-6740,Haven't Called,,,,,3/27/2026
Tier 2 - Medium Priority,Phone Only,Cindy Moore - Watson Realty Corp.,Real Estate Brokerage,(904) 651-3575,Haven't Called,,,,,3/27/2026
Tier 2 - Medium Priority,Complete,Coldwell Banker Vanguard Realty,Real Estate Brokerage,(904) 269-7117,Haven't Called,,,,,3/27/2026
Tier 2 - Medium Priority,Complete,Compass Real Estate (Avondale),Real Estate Brokerage,(904) 502-6160,Haven't Called,,,,,3/27/2026
Tier 2 - Medium Priority,Complete,Cowford Realty & Design,Real Estate Brokerage,(904) 330-4733,Haven't Called,,,,,3/27/2026
Tier 2 - Medium Priority,Complete,CrossView Realty,Real Estate Brokerage,(904) 503-0672,Haven't Called,,,,,3/27/2026
Tier 2 - Medium Priority,Complete,DJ & Lindsey Real Estate,Real Estate Brokerage,(904) 560-5671,Haven't Called,,,,,3/27/2026
Tier 2 - Medium Priority,Complete,Davidson Realty,Real Estate Brokerage,(904) 940-5000,Haven't Called,,,,,3/27/2026
Tier 2 - Medium Priority,Complete,Eldeen Ebanks - Momentum Realty,Real Estate Brokerage,(754) 281-6491,Haven't Called,,,,,3/27/2026
Tier 2 - Medium Priority,Phone Only,Engle & Volkers Jax,Real Estate Brokerage,(904) 388-1234,Haven't Called,,,,,3/27/2026
Tier 2 - Medium Priority,Complete,Exit Real Estate Gallery,Real Estate Brokerage,(904) 260-9999,Haven't Called,,,,,3/27/2026
Tier 2 - Medium Priority,Complete,Florida Homes Realty,Real Estate Brokerage,(904) 589-4516,Haven't Called,,,,,3/27/2026
Tier 2 - Medium Priority,Complete,Florida Homes Realty & Mortgage,Real Estate Brokerage,904-996-9115,Haven't Called,,,,,3/27/2026
Tier 2 - Medium Priority,Complete,Herron Real Estate,Real Estate Brokerage,(904) 710-1845,Haven't Called,,,,,3/27/2026
Tier 2 - Medium Priority,Complete,Keller Williams Jacksonville,Real Estate Brokerage,(904) 288-7990,Haven't Called,,,,,3/27/2026
Tier 2 - Medium Priority,Complete,"Keller Williams Realty, Jacksonville Southside",Real Estate Brokerage,klrw955@kw.com,Haven't Called,,,,,3/27/2026
Tier 2 - Medium Priority,Complete,Magnolia Properties,Real Estate Brokerage,(904) 348-5665,Haven't Called,,,,,3/27/2026
Tier 2 - Medium Priority,Complete,Momentum Realty,Real Estate Brokerage,904-351-6461,Haven't Called,,,,,3/27/2026
Tier 2 - Medium Priority,Complete,"NetWorth Realty of Jacksonville, LLC",Real Estate Brokerage,(904) 524-8466,Haven't Called,,,,,3/27/2026
Tier 2 - Medium Priority,Phone Only,NuView Realty,Real Estate Brokerage,(904) 241-1234,Haven't Called,,,,,3/27/2026
Tier 2 - Medium Priority,Complete,Pursuit Real Estate,Real Estate Brokerage,(904) 448-6771,Haven't Called,,,,,3/27/2026
Tier 2 - Medium Priority,Complete,Realty One Group Elevate,Real Estate Brokerage,(904) 426-0144,Haven't Called,,,,,3/27/2026
Tier 2 - Medium Priority,Phone Only,River Point Real Estate,Real Estate Brokerage,(904) 744-1234,Haven't Called,,,,,3/27/2026
Tier 2 - Medium Priority,Complete,Riverpoint Real Estate,Real Estate Brokerage,(904) 396-6456,Haven't Called,,,,,3/27/2026
Tier 2 - Medium Priority,Complete,Root Realty,Real Estate Brokerage,,Haven't Called,,,,,3/27/2026
Tier 2 - Medium Priority,Complete,Sieva Realty LLC,Real Estate Brokerage,(904) 223-9949,Haven't Called,,,,,3/27/2026
Tier 2 - Medium Priority,Complete,The Brooks Group - Keller Williams,Real Estate Brokerage,(904) 570-1216,Haven't Called,,,,,3/27/2026
Tier 2 - Medium Priority,Complete,The Legends of Real Estate,Real Estate Brokerage,(904) 739-7100,Haven't Called,,,,,3/27/2026
Tier 2 - Medium Priority,Complete,The Rocco Group,Real Estate Brokerage,(904) 569-4741,Haven't Called,,,,,3/27/2026
Tier 2 - Medium Priority,Complete,Title America,Real Estate Brokerage,904-262-6400,Haven't Called,,,,,3/27/2026
Tier 2 - Medium Priority,Complete,Watson Realty Corp,Real Estate Brokerage,(904) 596-5900,Haven't Called,,,,,3/27/2026
Tier 2 - Medium Priority,Complete,YellowBird Realty,Real Estate Brokerage,(904) 600-4400,Haven't Called,,,,,3/27/2026
Tier 2 - Medium Priority,Complete,AJ Wells Roofing,Roofing Contractor,(904) 553-0069,Haven't Called,,,,,3/27/2026
Tier 2 - Medium Priority,Complete,AJ Wells Roofing & Construction,Roofing Contractor,(904) 553-0069,Haven't Called,,,,,3/27/2026
Tier 2 - Medium Priority,Phone Only,BRC Roofing,Roofing Contractor,(904) 744-1234,Haven't Called,,,,,3/27/2026
Tier 2 - Medium Priority,Complete,Baldwin Roofing Company,Roofing Contractor,(833) 217-7663,Haven't Called,,,,,3/27/2026
Tier 2 - Medium Priority,Complete,Benton Integrity Roofing,Roofing Contractor,(904) 262-4364,Haven't Called,,,,,3/27/2026
Tier 2 - Medium Priority,Complete,Best Choice Roofing,Roofing Contractor,(904) 901-7052,Haven't Called,,,,,3/27/2026
Tier 2 - Medium Priority,Complete,Best Roof Jax,Roofing Contractor,(904) 500-2378,Haven't Called,,,,,3/27/2026
Tier 2 - Medium Priority,Complete,Big Fish Roofing,Roofing Contractor,(904) 732-2111,Haven't Called,,,,,3/27/2026
Tier 2 - Medium Priority,Complete,Bigfoot Roofing & Construction,Roofing Contractor,(904) 751-6112,Haven't Called,,,,,3/27/2026
Tier 2 - Medium Priority,Complete,Excel Roofing,Roofing Contractor,(904) 641-6455,Haven't Called,,,,,3/27/2026
Tier 2 - Medium Priority,Complete,Fidus Roofing,Roofing Contractor,(904) 230-5548,Haven't Called,,,,,3/27/2026
Tier 2 - Medium Priority,Complete,G&W Roofing,Roofing Contractor,(904) 246-1234,Haven't Called,,,,,3/27/2026
Tier 2 - Medium Priority,Complete,Hagerty Construction & Roofing,Roofing Contractor,(904) 992-9960,Haven't Called,,,,,3/27/2026
Tier 2 - Medium Priority,Complete,Hurst & Hurst Roofing,Roofing Contractor,(904) 686-7014,Haven't Called,,,,,3/27/2026
Tier 2 - Medium Priority,Complete,Jack C. Wilson Roofing Co,Roofing Contractor,(904) 396-1546,Haven't Called,,,,,3/27/2026
Tier 2 - Medium Priority,Complete,Jacksonville Roofing USA,Roofing Contractor,(904) 822-4402,Haven't Called,,,,,3/27/2026
Tier 2 - Medium Priority,Complete,Janney Roofing,Roofing Contractor,(904) 799-1365,Haven't Called,,,,,3/27/2026
Tier 2 - Medium Priority,Phone Only,K&D Roofing,Roofing Contractor,(904) 541-1700,Haven't Called,,,,,3/27/2026
Tier 2 - Medium Priority,Phone Only,K&G Roofing,Roofing Contractor,(904) 388-1234,Haven't Called,,,,,3/27/2026
Tier 2 - Medium Priority,Complete,Prime Roofing,Roofing Contractor,(904) 530-1446,Haven't Called,,,,,3/27/2026
Tier 2 - Medium Priority,Complete,Quality Discount Roofing & Construction,Roofing Contractor,(904) 396-5000,Haven't Called,,,,,3/27/2026
Tier 2 - Medium Priority,Complete,"READY ROOFING, LLC",Roofing Contractor,(904) 404-9849,Haven't Called,,,,,3/27/2026
Tier 2 - Medium Priority,Complete,Reliant Roofing,Roofing Contractor,(904) 657-0880,Haven't Called,,,,,3/27/2026
Tier 2 - Medium Priority,Complete,"Reliant Roofing, Solar & Hurricane Shutters",Roofing Contractor,(904) 657-0880,Haven't Called,,,,,3/27/2026
Tier 2 - Medium Priority,Phone Only,"Ron Russell Roofing, Inc.",Roofing Contractor,(904) 714-1907,Haven't Called,,,,,3/27/2026
Tier 2 - Medium Priority,Complete,Roof Revolution,Roofing Contractor,(904) 299-1910,Haven't Called,,,,,3/27/2026
Tier 2 - Medium Priority,Complete,SPC Roofers,Roofing Contractor,(904) 647-5945,Haven't Called,,,,,3/27/2026
Tier 2 - Medium Priority,Complete,Schultz Roofing Co.,Roofing Contractor,(904) 246-2315,Haven't Called,,,,,3/27/2026
Tier 2 - Medium Priority,Complete,Southern Coast Roofing,Roofing Contractor,(904) 356-7663,Haven't Called,,,,,3/27/2026
Tier 2 - Medium Priority,Complete,Steel Rudder Roofing,Roofing Contractor,(904) 699-4573,Haven't Called,,,,,3/27/2026
Tier 2 - Medium Priority,Complete,Stonebridge Roofing,Roofing Contractor,(904) 262-6636,Haven't Called,,,,,3/27/2026
Tier 2 - Medium Priority,Complete,StormForce of Jacksonville,Roofing Contractor,(904) 895-1763,Haven't Called,,,,,3/27/2026
Tier 2 - Medium Priority,Complete,Tecta America,Roofing Contractor,(904) 353-2400,Haven't Called,,,,,3/27/2026
Tier 2 - Medium Priority,Complete,The Roofing Company Inc.,Roofing Contractor,(904) 800-3751,Haven't Called,,,,,3/27/2026
Tier 2 - Medium Priority,Complete,Townsend Roofing,Roofing Contractor,(904) 645-5887,Haven't Called,,,,,3/27/2026
Tier 2 - Medium Priority,Complete,Trinity Restoration & Roofing,Roofing Contractor,904-763-2006,Haven't Called,,,,,3/27/2026
Tier 2 - Medium Priority,Phone Only,Triton Roofing & Restoration,Roofing Contractor,(904) 619-8212,Haven't Called,,,,,3/27/2026
Tier 2 - Medium Priority,Complete,Universal Roof & Contracting,Roofing Contractor,(904) 753-8326,Haven't Called,,,,,3/27/2026
Tier 3 - Low Priority,Phone Only,Abacus Accounting,CPA / Accounting Firm,(904) 388-1440,Haven't Called,,,,,3/27/2026
Tier 3 - Low Priority,Complete,"Avery Accounting, LLC",CPA / Accounting Firm,(904) 993-0927,Haven't Called,,,,,3/27/2026
Tier 3 - Low Priority,Complete,BDO Jacksonville,CPA / Accounting Firm,(904) 396-4015,Haven't Called,,,,,3/27/2026
Tier 3 - Low Priority,Complete,Brock CPA,CPA / Accounting Firm,(904) 330-0268,Haven't Called,,,,,3/27/2026
Tier 3 - Low Priority,Complete,"CRI Jacksonville - Carr, Riggs & Ingram",CPA / Accounting Firm,904.356.6023,Haven't Called,,,,,3/27/2026
Tier 3 - Low Priority,Complete,"Calibra CPA Tax & Accounting, P.A.",CPA / Accounting Firm,904-737-7756,Haven't Called,,,,,3/27/2026
Tier 3 - Low Priority,Phone Only,D'Arienzo Accounting,CPA / Accounting Firm,(904) 334-4638,Haven't Called,,,,,3/27/2026
Tier 3 - Low Priority,Complete,DGPerry CPAs + Advisors,CPA / Accounting Firm,(904) 269-7077,Haven't Called,,,,,3/27/2026
Tier 3 - Low Priority,Complete,"Debbie's Accounting Service, Inc",CPA / Accounting Firm,(904) 733-4547,Haven't Called,,,,,3/27/2026
Tier 3 - Low Priority,Complete,Emerald Tax & Accounting,CPA / Accounting Firm,904-604-6944,Haven't Called,,,,,3/27/2026
Tier 3 - Low Priority,Complete,Ennis Pellum & Associates,CPA / Accounting Firm,(904) 396-5965,Haven't Called,,,,,3/27/2026
Tier 3 - Low Priority,Complete,"Ennis, Pellum & Associates, CPAs",CPA / Accounting Firm,904-396-5965,Haven't Called,,,,,3/27/2026
Tier 3 - Low Priority,Complete,GunnChamberlain P.L.,CPA / Accounting Firm,(904) 298-2121,Haven't Called,,,,,3/27/2026
Tier 3 - Low Priority,Phone Only,Harbour CPA,CPA / Accounting Firm,(904) 712-4113,Haven't Called,,,,,3/27/2026
Tier 3 - Low Priority,Complete,"Hartman, Blitch & Gartside",CPA / Accounting Firm,(904) 396-9802,Haven't Called,,,,,3/27/2026
Tier 3 - Low Priority,Phone Only,Jax Tax Pro,CPA / Accounting Firm,(904) 384-8299,Haven't Called,,,,,3/27/2026
Tier 3 - Low Priority,Complete,Johnson & Company,CPA / Accounting Firm,904-632-2160,Haven't Called,,,,,3/27/2026
Tier 3 - Low Priority,Complete,"Keith E. Johnson CPA, PA",CPA / Accounting Firm,(904) 551-1208,Haven't Called,,,,,3/27/2026
Tier 3 - Low Priority,Phone Only,LBA Haynes Strand,CPA / Accounting Firm,(904) 396-4085,Haven't Called,,,,,3/27/2026
Tier 3 - Low Priority,Phone Only,M.A. Montes CPA,CPA / Accounting Firm,(904) 805-0066,Haven't Called,,,,,3/27/2026
Tier 3 - Low Priority,Phone Only,Master Tax & Accounting,CPA / Accounting Firm,(904) 745-9800,Haven't Called,,,,,3/27/2026
Tier 3 - Low Priority,Phone Only,Mastermind CPA,CPA / Accounting Firm,(904) 555-0199,Haven't Called,,,,,3/27/2026
Tier 3 - Low Priority,Complete,"Masters, Smith & Wisby, P.A.",CPA / Accounting Firm,(904) 396-2202,Haven't Called,,,,,3/27/2026
Tier 3 - Low Priority,Phone Only,Ned Jackson Tax,CPA / Accounting Firm,(904)356-0349,Haven't Called,,,,,3/27/2026
Tier 3 - Low Priority,Complete,Patrick & Raines CPAs,CPA / Accounting Firm,(904) 396-5400,Haven't Called,,,,,3/27/2026
Tier 3 - Low Priority,Phone Only,Pivotal Tax,CPA / Accounting Firm,(904) 555-1234,Haven't Called,,,,,3/27/2026
Tier 3 - Low Priority,Complete,Portnoy CPA,CPA / Accounting Firm,(904) 731-8005,Haven't Called,,,,,3/27/2026
Tier 3 - Low Priority,Complete,"Richard Rust, C.P.A., P.A.",CPA / Accounting Firm,904-496-0050,Haven't Called,,,,,3/27/2026
Tier 3 - Low Priority,Complete,Shilts CPA,CPA / Accounting Firm,(844) 850-6166,Haven't Called,,,,,3/27/2026
Tier 3 - Low Priority,Complete,"Sizemore & Associates, CPA's PLLC",CPA / Accounting Firm,(904) 334-4651,Haven't Called,,,,,3/27/2026
Tier 3 - Low Priority,Phone Only,Small Business Group Inc,CPA / Accounting Firm,(904) 731-2221,Haven't Called,,,,,3/27/2026
Tier 3 - Low Priority,Phone Only,Smith & Smith CPA,CPA / Accounting Firm,(904) 725-3760,Haven't Called,,,,,3/27/2026
Tier 3 - Low Priority,Complete,Smoak Davis & Nixon,CPA / Accounting Firm,(904) 396-2611,Haven't Called,,,,,3/27/2026
Tier 3 - Low Priority,Complete,"Stevens, Powell & Company, P.A.",CPA / Accounting Firm,(904) 448-9791,Haven't Called,,,,,3/27/2026
Tier 3 - Low Priority,Complete,The Griggs Group,CPA / Accounting Firm,(904) 880-1200,Haven't Called,,,,,3/27/2026
Tier 3 - Low Priority,Phone Only,Thomas & Thomas CPAs,CPA / Accounting Firm,(904) 264-5040,Haven't Called,,,,,3/27/2026
Tier 3 - Low Priority,Complete,"Wheeler & Associates, CPA, PA",CPA / Accounting Firm,(904) 363-1099,Haven't Called,,,,,3/27/2026
Tier 3 - Low Priority,Complete,"Wilkinson, Garrard & Clements, CPAs",CPA / Accounting Firm,904-470-4010,Haven't Called,,,,,3/27/2026
Tier 3 - Low Priority,Phone Only,Williams & Co,CPA / Accounting Firm,(904) 398-3560,Haven't Called,,,,,3/27/2026
Tier 3 - Low Priority,Complete,Wilmoth & Associates,CPA / Accounting Firm,(904) 398-1002,Haven't Called,,,,,3/27/2026
Tier 3 - Low Priority,Complete,Winn Accounting,CPA / Accounting Firm,(904) 840-5281,Haven't Called,,,,,3/27/2026
Tier 3 - Low Priority,Phone Only,ACON Construction,General Contractor,(904) 388-3333,Haven't Called,,,,,3/27/2026
Tier 3 - Low Priority,Complete,All Weather Contractors,General Contractor,(904) 781-7060,Haven't Called,,,,,3/27/2026
Tier 3 - Low Priority,Complete,Amerson Construction Group,General Contractor,904-835-1975,Haven't Called,,,,,3/27/2026
Tier 3 - Low Priority,Phone Only,"Anderson Restoration & Emergency Services, LLC.",General Contractor,(904) 827-9919,Haven't Called,,,,,3/27/2026
Tier 3 - Low Priority,Complete,Anew Property Investments,General Contractor,(904) 458-5425,Haven't Called,,,,,3/27/2026
Tier 3 - Low Priority,Phone Only,Ash Properties GC,General Contractor,(904) 992-9000,Haven't Called,,,,,3/27/2026
Tier 3 - Low Priority,Phone Only,Atlantic Coast Construction Group Inc,General Contractor,(904) 607-2009,Haven't Called,,,,,3/27/2026
Tier 3 - Low Priority,Complete,Auld & White Constructors,General Contractor,904-296-2555,Haven't Called,,,,,3/27/2026
Tier 3 - Low Priority,Complete,Aurora Builders,General Contractor,904-246-5400,Haven't Called,,,,,3/27/2026
Tier 3 - Low Priority,Complete,"BRI Builders, Inc.",General Contractor,(904) 551-6908,Haven't Called,,,,,3/27/2026
Tier 3 - Low Priority,Phone Only,Beachside Enterprise LLC,General Contractor,(904) 466-5587,Haven't Called,,,,,3/27/2026
Tier 3 - Low Priority,Complete,Benchmark Commercial,General Contractor,(904) 739-1662,Haven't Called,,,,,3/27/2026
Tier 3 - Low Priority,Complete,C C Borden Construction,General Contractor,(904) 730-8919,Haven't Called,,,,,3/27/2026
Tier 3 - Low Priority,Complete,Capital Builds,General Contractor,(904) 903-6055,Haven't Called,,,,,3/27/2026
Tier 3 - Low Priority,Phone Only,Center Morales Construction,General Contractor,(904) 744-2440,Haven't Called,,,,,3/27/2026
Tier 3 - Low Priority,Complete,Charles Perry Partners,General Contractor,(904) 497-2637,Haven't Called,,,,,3/27/2026
Tier 3 - Low Priority,Phone Only,Coastal Construction,General Contractor,(904) 241-1000,Haven't Called,,,,,3/27/2026
Tier 3 - Low Priority,Phone Only,Coker Corporation,General Contractor,(904) 518-8705,Haven't Called,,,,,3/27/2026
Tier 3 - Low Priority,Phone Only,Cortex,General Contractor,(904) 731-3552,Haven't Called,,,,,3/27/2026
Tier 3 - Low Priority,Complete,Dana B. Kenyon Company,General Contractor,(904) 731-1550,Haven't Called,,,,,3/27/2026
Tier 3 - Low Priority,Phone Only,"David Wesley's Patio Rooms, Inc.",General Contractor,(904) 998-0300,Haven't Called,,,,,3/27/2026
Tier 3 - Low Priority,Phone Only,E.V. Guild,General Contractor,(904) 355-5555,Haven't Called,,,,,3/27/2026
Tier 3 - Low Priority,Phone Only,Elkins Construction,General Contractor,(904) 355-1200,Haven't Called,,,,,3/27/2026
Tier 3 - Low Priority,Complete,Emerald C’s Development,General Contractor,(904) 356-9121,Haven't Called,,,,,3/27/2026
Tier 3 - Low Priority,Complete,Fickling Construction,General Contractor,(904) 241-1151,Haven't Called,,,,,3/27/2026
Tier 3 - Low Priority,Phone Only,General Construction Services,General Contractor,(904) 642-3232,Haven't Called,,,,,3/27/2026
Tier 3 - Low Priority,Phone Only,Golden Dreams Renovations,General Contractor,(904) 300-2446,Haven't Called,,,,,3/27/2026
Tier 3 - Low Priority,Phone Only,"Harvest Construction and Remodeling, Inc",General Contractor,(904) 239-6171,Haven't Called,,,,,3/27/2026
Tier 3 - Low Priority,Phone Only,Heritage Construction,General Contractor,(904) 398-4444,Haven't Called,,,,,3/27/2026
Tier 3 - Low Priority,Phone Only,"Interior Buildouts, Inc.",General Contractor,(904) 252-4905,Haven't Called,,,,,3/27/2026
Tier 3 - Low Priority,Phone Only,JW Contracting & Management,General Contractor,(785) 840-8877,Haven't Called,,,,,3/27/2026
Tier 3 - Low Priority,Phone Only,Kendale Construction,General Contractor,(904) 733-1466,Haven't Called,,,,,3/27/2026
Tier 3 - Low Priority,Phone Only,Kendale Design/Build,General Contractor,(904) 384-8611,Haven't Called,,,,,3/27/2026
Tier 3 - Low Priority,Phone Only,Kitchen Design Gallery,General Contractor,(904) 721-0310,Haven't Called,,,,,3/27/2026
Tier 3 - Low Priority,Complete,Legacy Renovations,General Contractor,(904) 594-1888,Haven't Called,,,,,3/27/2026
Tier 3 - Low Priority,Phone Only,Leon Painting and Remodeling LLC,General Contractor,(904) 288-1701,Haven't Called,,,,,3/27/2026
Tier 3 - Low Priority,Phone Only,Marand Builders,General Contractor,(904) 743-1555,Haven't Called,,,,,3/27/2026
Tier 3 - Low Priority,Complete,Masline Construction LLC,General Contractor,(904) 707-3508,Haven't Called,,,,,3/27/2026
Tier 3 - Low Priority,Complete,Morales Construction,General Contractor,(904) 744-2440,Haven't Called,,,,,3/27/2026
Tier 3 - Low Priority,Phone Only,Opus Group Jacksonville,General Contractor,(904) 642-1211,Haven't Called,,,,,3/27/2026
Tier 3 - Low Priority,Complete,"Poag Brothers General Contracting & Roofing, Inc.",General Contractor,(904) 379-5356,Haven't Called,,,,,3/27/2026
Tier 3 - Low Priority,Phone Only,Premier Home Pros LLC,General Contractor,(855) 209-7818,Haven't Called,,,,,3/27/2026
Tier 3 - Low Priority,Phone Only,RG Munguia Services LLC,General Contractor,(218) 671-2586,Haven't Called,,,,,3/27/2026
Tier 3 - Low Priority,Complete,River City Contractors,General Contractor,(904) 354-1424,Haven't Called,,,,,3/27/2026
Tier 3 - Low Priority,Complete,S&L All Construction LLC,General Contractor,786-457-8291,Haven't Called,,,,,3/27/2026
Tier 3 - Low Priority,Complete,Smarter Remodeling,General Contractor,904-647-2340,Haven't Called,,,,,3/27/2026
Tier 3 - Low Priority,Phone Only,Summit Roofing & Solar,General Contractor,(904) 723-4950,Haven't Called,,,,,3/27/2026
Tier 3 - Low Priority,Complete,Tenant Contractors,General Contractor,(904) 737-1833,Haven't Called,,,,,3/27/2026
Tier 3 - Low Priority,Complete,The Angelo Group,General Contractor,(904) 246-0686,Haven't Called,,,,,3/27/2026
Tier 3 - Low Priority,Phone Only,The Handyman Company,General Contractor,(904) 567-8333,Haven't Called,,,,,3/27/2026
Tier 3 - Low Priority,Complete,The Handyman Company (Jacksonville),General Contractor,(904) 567-8333,Haven't Called,,,,,3/27/2026
Tier 3 - Low Priority,Phone Only,"The Revered Group Of America, LLC",General Contractor,(904) 591-2855,Haven't Called,,,,,3/27/2026
Tier 3 - Low Priority,Phone Only,Urban Green Energy LLC,General Contractor,(904) 452-6557,Haven't Called,,,,,3/27/2026
Tier 3 - Low Priority,Complete,World Construction Inc,General Contractor,(904) 717-1729,Haven't Called,,,,,3/27/2026
Tier 3 - Low Priority,Phone Only,alteredFLIP,General Contractor,(866) 904-7434,Haven't Called,,,,,3/27/2026
Tier 3 - Low Priority,Complete,Arlington Green Mowers,Landscaping / Lawn Care,904-717-0803,Haven't Called,,,,,3/27/2026
Tier 3 - Low Priority,Phone Only,B&B Landscaping,Landscaping / Lawn Care,(904) 388-1551,Haven't Called,,,,,3/27/2026
Tier 3 - Low Priority,Complete,Beautiful Blooms,Landscaping / Lawn Care,(904) 744-8686,Haven't Called,,,,,3/27/2026
Tier 3 - Low Priority,Complete,Beautiful Blooms Landscaping,Landscaping / Lawn Care,(904) 744-8686,Haven't Called,,,,,3/27/2026
Tier 3 - Low Priority,Complete,Big Ben's Tree Service,Landscaping / Lawn Care,(904) 641-1131,Haven't Called,,,,,3/27/2026
Tier 3 - Low Priority,Complete,BrightView,Landscaping / Lawn Care,844-235-7778,Haven't Called,,,,,3/27/2026
Tier 3 - Low Priority,Phone Only,BrightView Landscapes Jacksonville,Landscaping / Lawn Care,(904) 292-1234,Haven't Called,,,,,3/27/2026
Tier 3 - Low Priority,Complete,C & L Landscape,Landscaping / Lawn Care,(904) 353-6620,Haven't Called,,,,,3/27/2026
Tier 3 - Low Priority,Phone Only,C&C Landscaping,Landscaping / Lawn Care,(904) 743-1221,Haven't Called,,,,,3/27/2026
Tier 3 - Low Priority,Phone Only,Coastal Lawn & Landscaping,Landscaping / Lawn Care,(904) 241-1111,Haven't Called,,,,,3/27/2026
Tier 3 - Low Priority,Complete,Coastal Serenity Landscapes,Landscaping / Lawn Care,904-385-3540,Haven't Called,,,,,3/27/2026
Tier 3 - Low Priority,Complete,Coconut Grove Landscape & Design,Landscaping / Lawn Care,(904) 868-6835,Haven't Called,,,,,3/27/2026
Tier 3 - Low Priority,Phone Only,Distinctive Landscaping,Landscaping / Lawn Care,(904) 246-1234,Haven't Called,,,,,3/27/2026
Tier 3 - Low Priority,Complete,Eagerton Tree Service,Landscaping / Lawn Care,(904) 823-3090,Haven't Called,,,,,3/27/2026
Tier 3 - Low Priority,Complete,Earth Works,Landscaping / Lawn Care,904-996-0712,Haven't Called,,,,,3/27/2026
Tier 3 - Low Priority,Complete,Earth Works Pro,Landscaping / Lawn Care,(904) 996-0712,Haven't Called,,,,,3/27/2026
Tier 3 - Low Priority,Complete,Earth Works of Jacksonville,Landscaping / Lawn Care,(904) 996-0712,Haven't Called,,,,,3/27/2026
Tier 3 - Low Priority,Phone Only,Elite Landscaping Services,Landscaping / Lawn Care,(904) 389-1234,Haven't Called,,,,,3/27/2026
Tier 3 - Low Priority,Phone Only,First Coast Lawn Care,Landscaping / Lawn Care,(904) 241-1234,Haven't Called,,,,,3/27/2026
Tier 3 - Low Priority,Phone Only,Greenline Landscaping,Landscaping / Lawn Care,(904) 733-1234,Haven't Called,,,,,3/27/2026
Tier 3 - Low Priority,Phone Only,Ground Level Landscaping,Landscaping / Lawn Care,(904) 724-4444,Haven't Called,,,,,3/27/2026
Tier 3 - Low Priority,Complete,Hamilton Tree Service,Landscaping / Lawn Care,904-559-9149,Haven't Called,,,,,3/27/2026
Tier 3 - Low Priority,Phone Only,J.B. Landscape,Landscaping / Lawn Care,(904) 646-1234,Haven't Called,,,,,3/27/2026
Tier 3 - Low Priority,Complete,Jacksonville Sod Masters,Landscaping / Lawn Care,(904) 593-4097,Haven't Called,,,,,3/27/2026
Tier 3 - Low Priority,Phone Only,Jax Landscaping,Landscaping / Lawn Care,(904) 642-1234,Haven't Called,,,,,3/27/2026
Tier 3 - Low Priority,Phone Only,Lawn Master,Landscaping / Lawn Care,(904) 249-1111,Haven't Called,,,,,3/27/2026
Tier 3 - Low Priority,Complete,Mario's Landscaping JAX,Landscaping / Lawn Care,(904) 520-1158,Haven't Called,,,,,3/27/2026
Tier 3 - Low Priority,Complete,McDaniel's Lawn Care and Landscaping,Landscaping / Lawn Care,904-894-9940,Haven't Called,,,,,3/27/2026
Tier 3 - Low Priority,Complete,McDaniel's Lawncare & Landscaping,Landscaping / Lawn Care,(904) 894-9940,Haven't Called,,,,,3/27/2026
Tier 3 - Low Priority,Complete,Mitchell's Tree Service,Landscaping / Lawn Care,(904) 627-0449,Haven't Called,,,,,3/27/2026
Tier 3 - Low Priority,Phone Only,Oasis Landscape Services,Landscaping / Lawn Care,(904) 744-1234,Haven't Called,,,,,3/27/2026
Tier 3 - Low Priority,Complete,"Prime Cuts 904, LLC",Landscaping / Lawn Care,(904) 859-7955,Haven't Called,,,,,3/27/2026
Tier 3 - Low Priority,Phone Only,Pro Master Lawn & Tree,Landscaping / Lawn Care,(904) 591-6691,Haven't Called,,,,,3/27/2026
Tier 3 - Low Priority,Complete,Quill's Tree Services LLC,Landscaping / Lawn Care,+1.9047881185,Haven't Called,,,,,3/27/2026
Tier 3 - Low Priority,Complete,Rockaway Inc.,Landscaping / Lawn Care,(904) 853-6572,Haven't Called,,,,,3/27/2026
Tier 3 - Low Priority,Complete,Ruppert Landscape,Landscaping / Lawn Care,(904) 778-1030,Haven't Called,,,,,3/27/2026
Tier 3 - Low Priority,Complete,Scapes of North Florida,Landscaping / Lawn Care,(904) 241-1994,Haven't Called,,,,,3/27/2026
Tier 3 - Low Priority,Complete,Serene Settings of North Florida,Landscaping / Lawn Care,(904) 683-1563,Haven't Called,,,,,3/27/2026
Tier 3 - Low Priority,Complete,Southside Outdoor Services LLC,Landscaping / Lawn Care,904.629.1167,Haven't Called,,,,,3/27/2026
Tier 3 - Low Priority,Phone Only,Sun State Nursery,Landscaping / Lawn Care,(904) 725-1234,Haven't Called,,,,,3/27/2026
Tier 3 - Low Priority,Complete,Sunrise Landscape,Landscaping / Lawn Care,(904) 744-1422,Haven't Called,,,,,3/27/2026
Tier 3 - Low Priority,Complete,THE LAWN LORD Property Maintenance & Lawn Care,Landscaping / Lawn Care,833-900-LAWN,Haven't Called,,,,,3/27/2026
Tier 3 - Low Priority,Complete,TLC Total Lawn Care,Landscaping / Lawn Care,(904) 771-8889,Haven't Called,,,,,3/27/2026
Tier 3 - Low Priority,Complete,The Grounds Guys,Landscaping / Lawn Care,(904) 447-5422,Haven't Called,,,,,3/27/2026
Tier 3 - Low Priority,Complete,The Sod Lot,Landscaping / Lawn Care,904-777-3692,Haven't Called,,,,,3/27/2026
Tier 3 - Low Priority,Complete,Tri-County Lawn & Landscaping Services LLC,Landscaping / Lawn Care,904-260-6505,Haven't Called,,,,,3/27/2026
Tier 3 - Low Priority,Phone Only,Trim All Lawn Service,Landscaping / Lawn Care,(904) 261-1234,Haven't Called,,,,,3/27/2026
Tier 3 - Low Priority,Complete,Trutco,Landscaping / Lawn Care,(904) 303-7285,Haven't Called,,,,,3/27/2026
Tier 3 - Low Priority,Complete,U.S. Lawns of Jacksonville,Landscaping / Lawn Care,(904) 722-1234,Haven't Called,,,,,3/27/2026
Tier 3 - Low Priority,Complete,Wacca Pilatka,Landscaping / Lawn Care,(904) 315-8519,Haven't Called,,,,,3/27/2026
Tier 3 - Low Priority,Phone Only,A.R. Bailey Homes,Residential Home Builder,(904) 724-1234,Haven't Called,,,,,3/27/2026
Tier 3 - Low Priority,Complete,AR Homes,Residential Home Builder,(904) 880-5500,Haven't Called,,,,,3/27/2026
Tier 3 - Low Priority,Complete,Ashley Homes,Residential Home Builder,(904) 861-6109,Haven't Called,,,,,3/27/2026
Tier 3 - Low Priority,Phone Only,Aurora Custom Homes,Residential Home Builder,(904) 262-1234,Haven't Called,,,,,3/27/2026
Tier 3 - Low Priority,Phone Only,Benchmark Custom Homes,Residential Home Builder,(904) 744-1234,Haven't Called,,,,,3/27/2026
Tier 3 - Low Priority,Phone Only,C.G. Chase Construction,Residential Home Builder,(904) 353-1234,Haven't Called,,,,,3/27/2026
Tier 3 - Low Priority,Phone Only,Collier Homes,Residential Home Builder,(904) 388-1234,Haven't Called,,,,,3/27/2026
Tier 3 - Low Priority,Complete,Collins Builders,Residential Home Builder,(904) 268-2511,Haven't Called,,,,,3/27/2026
Tier 3 - Low Priority,Complete,Corner Lot,Residential Home Builder,(904) 353-1234,Haven't Called,,,,,3/27/2026
Tier 3 - Low Priority,Phone Only,Cornerstone Homes,Residential Home Builder,(904) 733-1234,Haven't Called,,,,,3/27/2026
Tier 3 - Low Priority,Complete,D.S. Ware Homes,Residential Home Builder,(904) 389-1440,Haven't Called,,,,,3/27/2026
Tier 3 - Low Priority,Complete,Dostie Homes,Residential Home Builder,(904) 368-1221,Haven't Called,,,,,3/27/2026
Tier 3 - Low Priority,Complete,Dream Finders Homes,Residential Home Builder,(888) 214-1164,Haven't Called,,,,,3/27/2026
Tier 3 - Low Priority,Complete,Drees Homes,Residential Home Builder,(904) 399-2501,Haven't Called,,,,,3/27/2026
Tier 3 - Low Priority,Complete,Elizabeth Evans Custom Homes,Residential Home Builder,904-420-8844,Haven't Called,,,,,3/27/2026
Tier 3 - Low Priority,Complete,Envision Custom Homes,Residential Home Builder,(904) 712-3141,Haven't Called,,,,,3/27/2026
Tier 3 - Low Priority,Complete,Gifford Homes,Residential Home Builder,(904) 717-0028,Haven't Called,,,,,3/27/2026
Tier 3 - Low Priority,Complete,Glenn Layton Homes,Residential Home Builder,(904) 280-9285,Haven't Called,,,,,3/27/2026
Tier 3 - Low Priority,Complete,ICI Homes,Residential Home Builder,(904) 302-6012,Haven't Called,,,,,3/27/2026
Tier 3 - Low Priority,Complete,J.A. Long Design Builders,Residential Home Builder,(904) 262-2550,Haven't Called,,,,,3/27/2026
Tier 3 - Low Priority,Complete,John Merrill Homes,Residential Home Builder,(904) 626-5100,Haven't Called,,,,,3/27/2026
Tier 3 - Low Priority,Complete,Landon Homes,Residential Home Builder,(904) 567-3430,Haven't Called,,,,,3/27/2026
Tier 3 - Low Priority,Complete,Legacy Builders of North Florida,Residential Home Builder,(904) 880-0648,Haven't Called,,,,,3/27/2026
Tier 3 - Low Priority,Complete,MasterCraft Builder Group,Residential Home Builder,(904) 274-2773,Haven't Called,,,,,3/27/2026
Tier 3 - Low Priority,Complete,Mattamy Homes Jacksonville,Residential Home Builder,(904) 273-0388,Haven't Called,,,,,3/27/2026
Tier 3 - Low Priority,Phone Only,North Florida Builders,Residential Home Builder,(904) 642-1234,Haven't Called,,,,,3/27/2026
Tier 3 - Low Priority,Complete,Providence Homes,Residential Home Builder,(904) 886-9040,Haven't Called,,,,,3/27/2026
Tier 3 - Low Priority,Phone Only,Richard R. Dostie,Residential Home Builder,(904) 241-1234,Haven't Called,,,,,3/27/2026
Tier 3 - Low Priority,Complete,Riverside Homes,Residential Home Builder,(904) 530-4720,Haven't Called,,,,,3/27/2026
Tier 3 - Low Priority,Complete,SEDA New Homes,Residential Home Builder,(904) 724-7800,Haven't Called,,,,,3/27/2026
Tier 3 - Low Priority,Phone Only,Sedgwick Homes,Residential Home Builder,(904) 246-1234,Haven't Called,,,,,3/27/2026
Tier 3 - Low Priority,Phone Only,Solid Rock Custom Homes,Residential Home Builder,(904) 962-6210,Haven't Called,,,,,3/27/2026
Tier 3 - Low Priority,Complete,Starr Custom Homes,Residential Home Builder,(904) 612-6946,Haven't Called,,,,,3/27/2026